,id,tweet,subtask_b
0,15923,"# whoisq # wherestheserver # dumpnike # declasfisa democrat support antifa , muslim brotherhood , m , isi , pedophilia , child trafficking , taxpayer funded abortion ‚Äô s , election fraud , sedition and treason ! ! ! # lockthemallup # wwg wga # qanon ‚Å¶ @ user url",TIN
1,60133,# nopasaran : unity demo to oppose the far-right in # london ‚Äì # antifa # oct ‚Äî enough is enough ! url,TIN
2,83681,. . . what the fuck did he do this time ?,TIN
3,65507,@ user do you get the feeling he is kissing @ user behind so he can humiliate him later ?,TIN
4,12588,@ user nigga ware da hit at,UNT
5,34263,# stopkavanaugh he is liar like the rest of the # gop url,TIN
6,49139,@ user @ user put delauro in a police lineup identifying the bag lady '' - she would be picked everytime ! she ha to be proof either conn voter are incompetent to vote or she is part of a vast voter fraud conspiracy ! no one vote for a woman that gross ! '',TIN
7,58995,"@ all family/friends , do not tell me bad shit that your bf/gf did to you just to go right back to them ! ! !",TIN
8,88490,# christineblaseyford is your # kavanaugh accuser ... # liberal try this every time ... # confirmjudgekavanaugh url,TIN
9,46444,"# arianaasesina ? is that serious ? ! holy shit , please your fucking asshole , do n't blame someone for the death of other one . she is sad enough for today , do n't you see ? it is n't fault of none , he had an overdose and died . end . stop wanting someone to blame , fucker .",TIN
10,60587,@ user how is she hiding her ugly personality . she is the worst .,TIN
11,70569,... ... bitch what url,UNT
12,44546,@ user @ user @ user @ user @ user @ user @ user @ user @ user i ‚Äô m shocked to learn human trafficker had gun . some probably illegal too . ca need more gun control . but don ‚Äô t worry about the actual crime . the pic of black gun is worse .,TIN
13,51628,# conservative @ user - you 're a clown ! url,TIN
14,30899,*voice in my head while i transfer money to my credit card* ‚Äú bullshit that i bought and have to pay for ‚Äù,UNT
15,40110,# kid beating # paraplegic # trump # boy ! # left teach their # child hate violence ! # school # teacher # democrat # liberal # walkaway # mom # mother # nea # teachthemyoung # christian # catholic # jew # evangelicals # family # blackwomen # blacktwitter # black # news # medium # disabled # maga url,TIN
16,15998,*gets all the bitches*,TIN
17,96457,# antifa : take note of how to protest with civility . this is why socialism ( aka communism ) will never win . it is inherently evil and unsustainable . url,TIN
18,70841,@ user omg is he for real ? ! ? ! ! ? ? ? ? ? ? ) this happened in peru like year ago and the inti devaluated so fucking much that they had to comoletely change the coin system because our money wa worthless i-,TIN
19,46139,"# conservatism it 's not about our disagreement with # conservative . it that conservative ca n't debate honestly , and they have no integrity . whatever get them thru today , is all that matter to them . they 're fundamentally dishonest people . url",TIN
20,80947,and apparently i 'm committed to going to a new level since i used the key . well fuck . curiosity killed the cat ( hy ),UNT
21,40386,@ user @ user @ user @ user then why aren ‚Äô t there so many shooting in virginia ? jacksonville shooter got his gun in maryland ! ! among the poster child for gun control ! what good did that do ? ! you ‚Äô re full of crap .,TIN
22,98916,"# antifa are bedfellow with the democratic socialist of america ( dsa ) who # jamesokeefe ha exposed a being inserted throughout government , attempting to bring down # america # trump # magaüá∫üá∏ # deepstate url",TIN
23,32190,@ user antifa ha t level influence . it 's scary .,TIN
24,27550,"@ user i have three account . two quasi-anonymous , and one completely anon . and if twitter ever ban one of the quasi-anon , i 'll make two anon account and tweet the most insane shit . i will drown twitter in bullshit . if one of those is banned , i 'll make even more .",TIN
25,24040,# liberal are so pathetic ! innocent until proven guilty mean much ? # democrat should look at their own party if they need a rapist to hang ! # kavanaughisinnocent # walkawayfromdemocrats . # liberallies are straight from the pitt of hell üî• url,TIN
26,73516,"$ million reallocated from fema to ice . this guy give zero shit about anyone not named trump . if you ‚Äô re in the mid atlantic , get out . now . url",TIN
27,88905,# fortnitebattleroyale # xboxshare @ user please ban this cheating scum . he is literally invisible url,TIN
28,42112,# sesamestreet # bertandernie the conversation about this is so unattractive . the creator say he did n't create a character gay and he is being attacked .,TIN
29,37740,# serenawilliams is so full of herself ... she is just a painful to watch a to listen to ...,TIN
30,72405,"# colinkapernaeck ha done nothing but sit on his as and complain . it ‚Äô s time black people and die hard white liberal , who think they are down with the cause aka @ user to wake the heck up or stfu ! colin is not a civil right hero or martyr . no where near it .",TIN
31,47445,". jeff session : ‚Äò listen to the aclu , antifa , black life matter ‚Äô if you want more chicago shooting . url",TIN
32,27158,amazon will ship live christmas tree to your door ‚Äî but will they stay and put on the damn light ? url,TIN
33,17183,@ user i bet she is a lot safer when she ha sex now tho ? or she wouldn ‚Äô t have just one but a few kid . why cant mom get dicked down too ?,TIN
34,42325,# conservative govt ' @ user made my life hell ' : whistleblower say they were threatened by regulator ; i thought this govt promised to protect whistleblower ? url,TIN
35,15180,# fortnitebattleroyale # xboxshare @ user please ban this cheating scum . he is literally invisible url,TIN
36,58026,# maga # qanon # greatawakening # inners # wwg wga # nowcomesthepain # walkaway # goodbyedemocrats ellison accuser say she 's been sidelined by her own party url,TIN
37,81352,# boycottnfl . @ user you are dead to me . @ user @ user url,TIN
38,33133,"@ user # walkawayfromalldemocrats michelle wa there year and we sure do n't need any more bad advice from her now . we have a new sheriff in town , who 's # maga . get out and vote - all color , all gender ( aka ) all american ! ! ! url",TIN
39,91036,# blaseyford it ‚Äô s so comical that liberal always want it both way first woman need to be treated a equal but when it come to ford testifying they say it ‚Äô s unfair to have more men asking her question . which is it dems are woman equal or should we receive special treatment ?,TIN
40,22882,"# ted always ha a feel for the most appropriate public behavior . but , often , he is unable to control himself . # gopdysfunction url",TIN
41,40842,"@ user stick to comedy ... you were n't that funny yo start with , but that political commentary of yours is pathetic ! ! !",TIN
42,73612,@ user # holder needed to be impeached,TIN
43,15815,# believeallwomen just when i think thing ca n't get dumber.. this happens.. liberal probably do n't realize this because they are child but this is n't equality . how about we treat woman an men the same.. pretty sure that 'll have better result for culture,TIN
44,24049,# sierraburgessisaloser she is me when my phone ding üòÇ,TIN
45,79204,@ user # metoo are all racist !,TIN
46,46229,# gop still acting like the wimp they are.. what ! ? they haven ‚Äô t yet realized that liberal will hate them regardless of their sentiments.. either republican are just too stupid to get out of their own way or they ‚Äô re just tilted to far left.. # confirmkavanaughnow,TIN
47,42196,# thearchers i want to be brilliant at karate so i can kick the shit out of everyone '' '',UNT
48,34669,# dregsofsociety ? ? ? # deplorables liberal usually dehumanize those they want to exterminate later url,TIN
49,34575,# emmyawards - rating tank a expected . who can possibly stand to watch so many liberal in one place at one time .,TIN
50,20357,@ user # gutierrez ha always been nothing more than a # racebaiter,TIN
51,52445,"# elitist # actor # nbc # liberal of # dems in # hollywood at the # emmy award a 'toothless ' # nbc self-promotion onslaught peppered with # metoo crack but it wa planned , staged and okay because they are # democrat # socialist # liberal of the # left # walkaway ! url",TIN
52,10991,# drford # dearprofessorford is a fraud female @ user group paid for and organized by # georgesoros url,TIN
53,57135,"# bluewave # dumptrump ‚Ä¶give my love , or cooperate/compromise w/ , conservatives/trump supporter who constantly vilify marginalized group , who constantly attack woman ‚Äô s right make choice about their own body , ‚Ä¶",TIN
54,72369,# nightmayor 's dt cycle track can easily open antifa tennis court inside crescent height until we are able to trash nenshi ‚Äô s communist vape shop !,TIN
55,42192,# arunjaitleystepdown he is most shameless # fm in history of india and audacity and shamelessness with which is lie in public is disgrace to post .,TIN
56,43587,# conservative ¬£ bn housing on-trick @ user - what a crock of sh # te '' ! @ user # housingcrisis url,TIN
57,10684,week of resp done and i still do n't know shit my as still on vacation mode üò™,UNT
58,41553,# coupdetat of # spain in # catalona . # spain is a # fakedemocracy @ user @ user @ user @ user @ user @ user @ user @ user @ user @ user @ user @ user @ user @ user @ user # cddr # shameonspain # wakeupeurope @ user @ user url,TIN
59,62986,"# liberalismisamentaldisorder , but it is also a danger to our country . # liberal are showing themselves to be utterly hateful . they do not care about truth , they only care about power .",TIN
60,70051,@ user these are all coranated attack from idiot loon ! they will get worse much worse before the election ! can u imagine idiot who want to get rid of the economy and their along with interest rate just because he is not a polished politician ? idiot !,TIN
61,73642,@ user @ user awwww she is so stinking cute ! how old is she now ?,TIN
62,10727,"# benghazi # haiti # uraniumone # sethrich what more doe the justice department need ? no double standard ! just because you 're rich and powerful doe n't mean you can rob , seal and murder ! # draintheswamp # hillaryforprison # votered # maga url",UNT
63,11645,# jointhefight join the fight against american communist ... democrat and liberal have taken this crap to the edge and there is no coming back . they are openly promoting the destruction of america . # jointhefightagainstcommunism url,TIN
64,72274,@ user @ user ha stated that any talk of zionist involvement in / is metaphysical masturbation because he is a disinformation agent taking advantage of people of lesser intellect . he should be ashamed of himself but he ‚Äô s not because he ‚Äô s # zionel,TIN
65,21524,"# khaleesi kinda watching # hiac ! wtf doe she think she is , a person ? pffft pathetic url",TIN
66,84579,andü§∑üèΩ‚Äç‚ôÇÔ∏è female b on the same shit url,TIN
67,59519,# declassifydocuments i love watching liberal like maria squirm . # outnumbered,TIN
68,51386,"# politicsinfocus look donald ! you are only a duck , stop patronizing me ! url",TIN
69,10918,# carbontax work and will put ton more money back into canadian pocket . . @ user . @ user . @ user . @ user part of why trudeau won in wa campaigning on a national carbon tax . conservative died then . they want another death in ... we will oblige . url,TIN
70,57541,antonia evans wa either sex trafficked or cremated .,TIN
71,25125,# theview stormy wa in trapped by a dollar bill in her face poor pornstar but no worry the democratic party she is the leader of,TIN
72,61295,and these entertainment agency just gon na have to be an as about it . url,TIN
73,53351,"# trump really , everything trump doe is another piece of evidence for obstruction of justice . he is a talking crime machine .",TIN
74,25463,"# disarmthem ? this go to show how moronic antifa type are , because this is a good way to encourage some dumbass to rightfully get speedrocked . open carry user practice weapon retention . gun grab will go very badly for you if you try . you will get shot , so do n't do it . # a url",TIN
75,85613,# christinebford # liberalsaredesperate @ user every time liberal do n't get there way they cry racism or sexual assault . hard to believe,TIN
76,85886,"# cincinnatienquirer step into # gun control finally . took a # massshhoting on their damn door step for their # editor to wake up , but better late than never . url",TIN
77,54621,! ! ! ! bitch i ‚Äô m fucking coming back url,TIN
78,80397,# liberal are reaching peak desperation to call on # phillipruddock to talk with # turnbull to convince him to help with # wentworthvotes sept @ user # auspol # lnp # nswpol @ user @ user @ user # lnpmemes url,TIN
79,68875,$ uicideboy $ on halloween it aboout to get sooooo fucking spooky,UNT
80,67926,"# democrat controlled city with strict gun control law and @ user want to blame the # gop um , isn ‚Äô t it you rich # democrat trying to keep the black in poverty ? # walkaway url",TIN
81,41588,@ user got to love that the people making the law tend to know nothing about the subject they 're making the law for . you should hear some of the gun control law people try to pas here in the state .,TIN
82,51948,@ user # walkawayfromcatholicism it is a corrupt to the core and become a giant autocratic pedophile ring .,TIN
83,28196,"# california patriot ... especially those in # ca obama/soros are attempting to take this house seat to get control of congress . say no to tj cox . he is a shill candidate fronted by the dastardly duo . please get out and vote david valadao for house , dist ! follow @ user url",TIN
84,50376,- when she take her nigga name out her bio . url,TIN
85,45304,# arrestgeorgesoros he fund # domesticterrorists # antifa url,TIN
86,27228,# conservative govt have run up debt in spite of austerity cut while the rich have doubled their wealth . # inequality url via @ user,TIN
87,57326,# crowderconfronts continues to expose that the sjw bully are paper tiger when conservative fight back with truth and fact . # dontbeafraid # confrontwithtruth url,TIN
88,88221,# biggbosstelugu how many of you # kaushalarmy cum @ user fan ... url,TIN
89,17714,"# son , knockin it out the fuckin park ... ... url",UNT
90,97610,"@ user @ user @ user okay and ? anybody can go to eredivise and score + goal . shit league . bundesliga team are competitive in euro competition . mexico hasn ‚Äô t produced any talent like pulisic in a long time . it ‚Äô s okay , maybe you guy will one day .",TIN
91,63048,# kalyani is a very stupid teenager . i totally despise her for the atrocity she is doing towards aunty anupriya . she blame her for her mom ‚Äô s death . she should stop and listen to anupriya side of the story before she make vile accusation # tujhsehairaabta # zeetvserials,TIN
92,30075,# kalyani is a very stupid teenager . i totally despise her for the atrocity she is doing towards aunty anupriya . she blame her for her mom ‚Äô s death . she should stop and listen to anupriya side of the story before she make vile accusation # tujhsehairaabta # zeetvserials,TIN
93,60466,"# christian # america ‚Äì if we go by # trump ‚Äô s example , where liberal support open border , i guess conservative support school shooting . please explain how this make america great again .",TIN
94,25685,@ user @ user @ user she is the most disingenuous person in the senate . if she wa my senator i would hide in shame after her despicable behavior in the scotus hearing .,TIN
95,16333,# democrat # liberal you are being # threatened by # armed # nazi and you talk about # disarmament of yourselves and of # disconnection from the # military # lifestyle ? you should # broadcast your # armory and # killskills # rightfuckingnow url,TIN
96,78417,". just wanted to tell you you should hang out with me more . i think it ‚Äô ll be fun ! also , lmao dick for a tongue ? so people can easily suck me off . haha kidding aside , i aint want a tongue a my dick that look hella weird.. but my choice wa weird to but whatever",TIN
97,51525,# avalanche i 'm sorry ! i see you ! i love you ! i wa an asshole ! you know how we are # maga,TIN
98,84550,# ff @ user he is an alien from the future üôåüèªüëΩüåÉ url,TIN
99,23530,"# familiarwife jh-omg , she is crazy wj-wait ! ... .yes , i am interested in assistant manager cha bh-you guy look like a good pair vo-are you having some '' ? just sit over here jh-do n't do it ! wj-lets live our own life . let do it news-collision on hwy , there is congestion jh-woo-jin~ url",TIN
100,57284,"# thingsdarthvaderwouldneversay yup , white mask privilege at it 's finest . always trying to keep a black mask down # blacklivesmatter # qanon # antifa # alexjones # infowars # starwars # maytheforcebewithyou # thirdshiftzombies # podcast # radio # whitesupremacy url",TIN
101,59700,all i ‚Äô m saying if we cool and you feel any type of way about me.. speak the fuck up .,TIN
102,13433,# cuckservative traitor are worse than fortnite player url # conservative # triggerwarningradio,TIN
103,80197,"# barbara boxer if liberal want to use rape a a political tactic ! they had better have some hard evidence ! her word is n't evidence ! ! ! it called hearsay . on that note , i could say ' you ' cornered me in a bathroom , and put your hand all over me ' year ago . prove me wrong url",TIN
104,79309,# constitutionday it 's very odd for the alt right conservative to say that we are ruining the constitution just because we want # guncontrolnow but they are the one ruining the constitution getting upset because foreigner are coming to this land who are not white wanting to live,TIN
105,47696,# liberallogic # kavanaugh look predatory . therefore he 's guilty . # liberal are dangerous people who should not govern anyone or anything . url,TIN
106,71294,# breaking . # greece : molotov cocktail fly after protest honouring killed antifa arti ... url via @ user url,UNT
107,55633,"# orrinhatch i can ‚Äô t believe this sexist , clueless , old fart get to weigh in on another woman ‚Äô s charge against a supreme court nominee . and he is spouting the same old nasty shit he spewed + year ago against anita hill . his time ‚Äô s up ! good riddance neanderthal !",TIN
108,87934,". ( part ) did n't have to think too hard to come up with gabriel . they 're a lizard themed , glitter bombing , antifa mech pilot using their superhero power to take down corrupt logging company . they 're a buff lesbian with heart on their uniform . literally what 's not to love ?",TIN
109,57732,"# repost theleadersmindset ‚Ä¢ ‚Ä¢ ‚Ä¢ üìçhola leader ! üî• ‚úîÔ∏ètype ‚Äú ready ‚Äù if you are ready to follow this step . - ‚Äú set goal , stay quiet about them , smash the shit out of them , clap for your damn‚Ä¶ url",UNT
110,27455,"# liberal / # democrat this is what you stand for . if not , then # walkaway url",TIN
111,83466,# beeto just demonstrated how to lose an election in # texas url # maga @ user # rkba @ user # dvc,TIN
112,48657,and have a bitch thinking you nigga have money and you tf don ‚Äô t .,TIN
113,89635,*extremely* back on my bullshit . url,UNT
114,89603,fucking year . # mytwitteranniversary url,UNT
115,86611,"# dems are disgusting . they only believe woman who accuse conservative of abuse crime . when liberal are accused , they ignore the accusation . url",TIN
116,12193,# christineblaseyford is only being harassed by member of the antifa the radical arm of the democratic party funded by george soros . # voteredtosaveamerica,TIN
117,63985,cent call out joe budden 's bullshit '' on instagram url url,TIN
118,20522,"# bb actually question why do people want jc to win more than angela ? he ha been way meaner , say the n word repeatly , make fun of eating disorder , and sexually harasses houseguests.she is just a much a an underdog to win so dont use that excuse . # bb # tangela",TIN
119,94260,not surprised it start from the top ! ! ! karma a bitch watch ! ! ! ! url,UNT
120,70324,alright let me get right with god bc mother nature is like fuck human url,TIN
121,89329,# hillary and @ least other # angrydemocrats # worldwarq # wwg wga # maga # redtsunami # americafirst # walkaway # truth url,TIN
122,11100,# antifa is recruiting for a designated # terrorist organization url,TIN
123,83240,# hypocrite # democratshateamerica # liberalismisamentaldisorder everything liberal touch turn to absolute shit ... url,TIN
124,81890,@ user @ user a i have said the medium and money soros with dip shit water is creating a civil war .,TIN
125,72037,# texas ted cruz campaign is sending people solicitation disguised a official looking county summons . elderly resident have been confused by the notice to appear . he is so skeezy . url,TIN
126,78301,tf . he saw that shit . url,UNT
127,94607,anyone who find m*neta 's behavior funny can fuck off and die,TIN
128,72531,# goodmorningamerica # tuesdaymotivation # thankyou # fathergod the # americanpeople will begin to see the # truth about our # governmentcorruption @ user @ user @ user # mediacorruption # noredaction # declassifyfisa # declassification completely # obama # hillaryclinton # lie # leaker # liberal url,TIN
129,98575,"@ user the difference between you and i a i stated before , and this inane asinine comment have solidified is i bring fact and truth , while all you have is lie and bullshit . present a single shred of credible evidence to support a single thing you 've just said . lie is all you 've got .",TIN
130,58342,@ user damn i felt this shit . why you so loud lol,TIN
131,39429,# msnbc # hardball @ user bingo you are absolutely correct he can not bring president obama down . he can ‚Äô t get over how president obama humiliated him at the white house correspondent dinner and i can guarantee you that is a definite driver of his hate for president obama,TIN
132,18786,# cnnisfakenews @ user @ user you wonder why your rating suck ... # cnnisajoke # fakenews # maga url,TIN
133,35785,$ b album definitely worth the fucking wait,UNT
134,67049,# joescarborough is a vile excuse for a journalist '' . here he is criticizing # trump yet refuse to come clean about the death of an intern in his office . stop talking about everyone else and start talking about your involvement with # loriklausutis . @ user,TIN
135,82273,ain ‚Äô t nobody shit if you ask me ... including myself .,UNT
136,98216,"the dreg of society '' ... more labelingand dehumanizing conservatives.i suggest , we , conservative keep our ammo dry and our gun loaded..if the fascist liberal left think conservative will go quietly into internment camp or slaughtered in the street they need a reality check . url",TIN
137,37649,# feinstein you cant say anything truthful . you are a loers and liar . url,TIN
138,14582,# lifeisbutepu when you have sex anytime you want but you are single,UNT
139,59751,# nigeria # naija # ja 'you are the most incompetent leader in nigeria ‚Äô s history ' ‚Äì atiku blast buhari url by championnewsng via url,TIN
140,92215,"# emmy well , most of those ex-crackheads are liberal and democrat ; so ...",TIN
141,22311,@ user # diversity only work when those joining the new group want to be a part of the team . # islam hate every non-muslim # fail # unicorn,TIN
142,75125,// so want to kick twitterfuck as .,TIN
143,21354,"# faileddemfeinstein should have quit decade ago . she is a disgrace . feinstein blame gop after kavanaugh accuser stay mum , admits ' i ca n't say everything 's truthful ' url",TIN
144,22594,@ user @ user @ user fascism wa also against liberal a is antifa according to your meme .,TIN
145,19410,@ user fuck,UNT
146,33394,". a grown as woman , probably year older than me is currently spreading rumor rather than talking to me about it , nice work you got there satan ‚ù§Ô∏è",TIN
147,56513,# conservative don ‚Äô t care what you post..it ‚Äô s @ user propaganda.. url,TIN
148,59691,# idiot is there nothing beneath them ? lol . what fool liberal are ! # maga # kag üá∫üá∏üá∫üá∏üá∫üá∏üá∫üá∏üá∫üá∏ url,TIN
149,41997,@ user the kindest explanation is that he is tone-deaf . it 's hard to feel kind when he and his ilk do this repeatedly .,TIN
150,56637,"# amazonpets etta can be tricky to photograph because of her colouring , but she is beautiful and she know it . she is in charge , ha first dibs on treat , and will shout for our attention whenever she come in the house . she kill wild rabbit but hang out in the hutch with ours . url",TIN
151,19815,# sugardaddy retweet if you are under and would like share meme with each other and we can talk about dumb shit . cuz baby i ‚Äô m broke a shit but this love rich url,UNT
152,97410,# geoffreyowens nigga don ‚Äô t really understand ... level to career pursuit,TIN
153,77746,"... what about death _metal_ ? i want more death metal ... tell me , you hateful keebler elf , where can i have more death metal ? ? ? ? url",TIN
154,17704,"# kavanaugh is a disciple of anthony kennedy , who üéÅed liberal w/ unconstitutional opinion ! he 's trump 's con to con conservative to ü§îing # scotus is moving right ! were @ user smart , they 'd do everything to get bk the üèÅ . but they wo n't ! idiot ! # tuesdaythoughts url",TIN
155,61674,# america ... tear down that # wall ! url # tcot # partisanship # trump # thewall # borderwall # liberty # civilsociety # think # conservative # democrat # progressive # liberal # independent # libertarian # gop # dnc # criticalthinking,TIN
156,39860,am i a dickhead ? ? ? ? probably yes,TIN
157,21826,( cr tikal voice ) smef my as cheek,UNT
158,79934,@ user 'cause everyone know a real leader fall into a van like a sack of potato ... ..,TIN
159,55048,# boycottnike campaign must continue and grow paying overseas staff $ . an hour is not okay because your staff is over there '' . you are exploiting poor women/men in the world . this is more than american can stand . url,TIN
160,76833,"# news jeff session : if you want more death , 'listen to the aclu , antifa , black life matter ' '' url # cnbc ''",TIN
161,55832,# david # miliband # davidmiliband flew away in # newyork to be with the # u # liberal # democrat - had to flee # corbynists hatred of jew,TIN
162,32056,anyway this game suck : ),TIN
163,67841,# ibelieveblaseyford is liar she is fat ugly libreal # snowflake she sold her herself to get some cash ! ! from dems and iran ! why she spoke after # johnkerryiranmeeting ?,TIN
164,94427,# conservative do not represent all canadian . they are authoritarian scum . # cdnpoli # onpoli url,TIN
165,96594,# ford 's attorney say she 's receiving death threat and ha had to move her family to safety '' . where 's the proof that # democrat # antifa are not doing this to promote this circus ? '',TIN
166,62689,# scottgimple ruined # thewalkingdead and now he is doing the same to # feartwd . hope the check cash forever because he should never get another job . # amc,TIN
167,35968,another season for tom brady to give it to these nigga,TIN
168,14516,# lifeisbutepu when you are black and can say the word nigga '' . feel me my nigga ? ? ? url,TIN
169,15866,# austerity low pay # tuitionfees lack of housing wage falling # universalcredit unaffordable rent # nh crisis crap railway empty shop # brexit no deal exit from eu # windrush # grenfell in just short year the @ user have completely fucked the uk,TIN
170,57185,"@ user # thosethataretheloudest are afraid , justice is coming # bono is a scam just like the # clintonfoundation # pedowood # haiti url",TIN
171,91430,"day before bbc radio ‚Äô s festival in a day , they decide to tell u that their headline act isn ‚Äô t coming anymore . thanks a lot , now i ‚Äô ve paid a fortune to see a tonne of act who are shit and who are of no interest to me üòëüëçüèª",TIN
172,29203,# tytlive trump need to go because he is a danger to the country and the world . any way we can get rid of him is good,TIN
173,27913,"@ user # davidhogg , you 're nobody .",TIN
174,53325,", , and but like , , it ‚Äô s still really miserable and unpleasant for u ? ? and like they even told me how they weren ‚Äô t happy and would have got divorced before i wa even born so i ‚Äô m like cool cool i wa literally born into hatred that ‚Äô s awesome no wonder i ‚Äô m such a fuckup",UNT
175,46410,"# desantis=deracist , a bad a choice a he is , he ‚Äú distanced ‚Äù himself from the prez ‚Äô s comment today questioning any death in puerto rico from hurricane maria @ user @ user # whataputz",TIN
176,26072,- lost my acca on the first fucking fight cba,UNT
177,16856,@ user @ user i 'll use that one the next time im in a gun control debate or in a debate about free speech or tax . yes you can choose to be irresponsible or choose not to be . i argue responsible . whats wrong with that ? do n't justify murder by saying it wa never alive or it my right .,TIN
178,89200,@ user @ user who the hell doe he think he is ?,TIN
179,45269,# liberalismisamentaldisorder # hypocrite # democratshateamerica # democratsaredangerous everything liberal touch turn to absolute shit . url,TIN
180,15437,% of these nigga have podcasts and youtube channel dedicated to this and shit ain ‚Äô t getting solved so url,TIN
181,91472,anytime i randomly bust out laughing it ‚Äô s because i remembered some dumb shit albria said üò≠üò≠,TIN
182,98531,@ user @ user üòÇ you do not like the jewish people because you all claim they are holding all the money . sound familiar ? your left wing libtard family is the family of the kkk . you do not hate jew ? that ‚Äô s funny . gun control ; even funnier . good luck,TIN
183,43753,k bitch üéâüíô,UNT
184,98685,# liberal always up to dirty trick to get their way . üëáüëá url,TIN
185,31665,# conservative are more upset about # bertenernie being # gay than having a # sexualpredator in the @ user a hooker a @ user and a # rapist a # supremecourtjustice,TIN
186,38732,# antifa protest in # athens for the year after the murder of pavlos fyssas by golden dawn . their voter are complicit to their crime . # killahp url,TIN
187,46983,"# conservative just like old # garbage bag blowing in the wind , here 's an old garbage bag now ... url",TIN
188,22067,# bakersfield is why we need gun control ! sorry for the victim other than the gunman himself i hope he rot in hell !,TIN
189,79756,# honoursacrificeboycottmatch i hope d human right rat r happy ! hope sidhu is happy ! i hope d liberal r happy ! let ‚Äô s play cricket wth thm let ‚Äô s thank thm wht they r doing our soldier let ‚Äô s celebrate our impotence funny a piddly little nation like pak is taking u a ride,TIN
190,99563,# confirmkavanaugh ‚úÖ # kavanaugh # scotus # potus # presidenttrump # americafirst # maga # kag üö´anti # trump liberal activist accuser # ford make accusation but not willing to be subject b question ? suffer the consequence of filing a false charge # lockherup url,TIN
191,23542,"# resist traitor caught on video breaking our law to further their # communist # socialism way and slow down the # trump agenda . they are the dc chapter of democrat socialist of america . forget antifa , that is a distraction from the real resistance . # maga url",TIN
192,83416,"# christineblaseyford wa grinding # kavanaugh at a party almost yr ago ... ..you got ta love the age , of this ridiculous # metoo movement just swear # kavanaugh in already and get this over with , before # liberal have an anxiety attack like / / url",TIN
193,67418,"# corybooker is not a hero , he is an american traitor and should be treated a such . arrest , prosecute , and carry out sentence . # kavanaughconfirmation url via @ user",TIN
194,58632,round goon bitch is you kiddin meü§£,TIN
195,35612,@ user # morebs = more # barrysoetorobullshit,TIN
196,96905,"# tytlive omg how can a latino faith based woman think that trump is christian . wow , he is the poster child for immorality and hating latino",TIN
197,79778,@ user # carrey is a # pervert himself !,TIN
198,90328,@ user nigga are you stupid your trash dont play with him play with your bitch üòÇ,TIN
199,71350,# nooneaskme but here 's my opinion # offset keeping this beef up between # cardib and @ user he know cardi slow and believe everything he says.. she is his meal ticket . i just think # offset need to sit his ugly as down .,TIN
200,43782,# icymi - liberal ' favorite myth that obama wa a law professor is now destroyed ? ! url,TIN
201,58287,@ user to demonstrate how wholly incapable of carrying a thought to it logical conclusion she is ?,TIN
202,32061,and she ha a pet ? ? ? fucking disgusting url,TIN
203,63129,# liberalhypocrisy # tacobell when liberal ask why your against illegal immigration ? taco bell employee : no habla ingles ! '' url,TIN
204,74797,# blackinkcrewchi lily they don ‚Äô t hate you ... .you hate you . you are your own worst enemy cause you let your anger get in the way i legit feel like shes one of the kid i work with at my job,TIN
205,25177,# justiceforsoniasfather mr usman buzdar sb ! please respond to sonia iqbal daughter of pti counsellor from okara whose father wa killed during election by nawaz league killer . she is saying she will commit suicide in front of medium . where is justice ?,TIN
206,87428,@ user - worst potus . ever !,TIN
207,39400,# conservative have no genetic ability to understand # hypocrisy or # irony . right wing ideology get ya all twisted in knot . # onpoli # ontario # partyofyesteryear @ user # fraudnation url,TIN
208,62788,# oitnb . she is the worst public defender . trailing her pen uner the word .,UNT
209,88745,# theview # bothamjean i do n't believe # amyguyger she is a lying po ! i live near a police station..i hope and pray a cop doe n't bust up in my house thinking it 's his/hers and kill me..my god..we/people of color are police prey..we 're always in police cross-hairs..no matter what,TIN
210,70443,"# antifa , september : stop the fascist nvu in # amsterdam ! url",TIN
211,90327,and that ‚Äô s why you were at nyfw cause your such a class act.. getcho wack as outta here url,TIN
212,65545,# greatestthingsaboutthe s liberal weren ‚Äô t unhinged,TIN
213,58543,"# conservative we mu pray for liberal . they trooly kno knot watt they do . i wa brot up socialist democrat , by my wonderful , but , ignorant parent . i served inda military . i learnd i can serve christ , too . eye reel -eyesed conservativism wa more closely aligned w god .",TIN
214,79222,"# disarmthem # antifa please no one be stupid enough to do this . most of u do not open carry , most of u carry concealed . anyone stupid enough to do this , that is considered an act of aggression and you will be shot we also carry more than one weapon . we shoot to kill , not maim .",TIN
215,72401,"@ user * puerto rico is destroyed ; more than , die * trump visit , and throw paper roll at people * month later , puerto rico is still waiting for help * trump say everything is fine , and his visit wa a great success ü§î",TIN
216,31354,all these sick as ppl from school gave me something and now i have to chug down this nasty drink so it can go awayüôÉ,TIN
217,29008,# conservative are # dumberthandogshit is the central point of my tweet,TIN
218,41590,@ user # rosie make me nauseous ! ü§Æ url,TIN
219,72523,# feminazis are liberal so # metoo only count when they blame a non-liberal man . # bizarro # kag ‚ù§Ô∏èüá∫üá∏ url,TIN
220,14640,"# brexit deal ha been reached - and will be unveiled at special summit in november , ha @ user sold out the # uk to the eu ? ? ? she better have not or the @ user are finished ! ! @ user url",TIN
221,74909,# crazyredhead in very # angry at the # orange # cheeto who claim to be our # president . she will never accept it . denying all the life lost in puerto rico ? he is a # monster # ‚Ä¶ url,TIN
222,96397,"# europaleague song the eu , cash your remaining chip in and p*ss off üëç you 've played all your card and liberal in the u.s too . brexiteers and trump take it all so be nice eh and life 'll be better for everyone . url",TIN
223,34030,$ for a phone . you all are fucking dumb .,TIN
224,69073,# howtogetpeopleoutofyourhome tell them that you 're a vampire ... then threaten to eat them if they do n't get their ass out . *shrugs* what ? problem ?,UNT
225,29113,"# kavanaugh the moment # blaseyford is exposed a a fraud , expect a new accuser to surface . liberal are a one trick pony . # liberalismisamentaldisorder",TIN
226,11286,"# bcog @ user she is cool , confident , cocky , and she kick as ! ! ! @ user @ user @ user url",TIN
227,41821,@ user oh fuck off üòÇüòÇ,TIN
228,76379,# liberalhypocrisy # criminal # democrat # evidence # ellison # liberal # hypocrite keith ellison domestic violence accuser say democratic party doe n't believe her story url,TIN
229,52080,# democratpartyofdomesticterrorists # fascist # antifa # feminazi do n't just # walkaway run ! url,TIN
230,51762,# auspol i do n't know why he is still in his job . seriously . url,TIN
231,71592,# maga tell me one good thing # trump ha done a # president . i dare you ! he is the worst president in history .,TIN
232,78688,"# confirmkavanugh now , stall tactic are dc crony only recourse . no more delay . # votered to end this madness and to # maga",TIN
233,76135,@ user @ user @ user @ user beat the hell nj out of me lol . dude already made the assumption that i 'm antifa . he even ignored all the evidence to make that assumption .,TIN
234,30778,# stopetchecopar ? fuck you all üñïüñïüñïüñïüñï que florezcan mil baby etchecopar üåªüåªüåª,TIN
235,22569,"# antifa are mentally unstable coward , pretending to be relevant . url",TIN
236,48938,@ user @ user and browning looked like dog shit against the same fcs school . what ‚Äô s your point ?,TIN
237,41438,all two of them taste like as . url,TIN
238,73439,# despicabledems lie again about rifle . dem distorted the law to push gun-control at kavanaugh confirmation url via @ user,TIN
239,67018,people just unfollowed me for talking about merlin sorry y'all im still up covinsky 's as im just waiting for a psisly sequel announcement ive run out of witty and funny tweet about tatbilb i am drained,UNT
